{"cameraMode":{"drawMode":0,"name":"Shaded","section":"Shading Mode"},"sceneLighting":false,"audioPlay":false,"sceneViewState":{"m_AlwaysRefresh":false,"showFog":true,"showSkybox":true,"showFlares":true,"showImageEffects":true,"showParticleSystems":true,"showVisualEffectGraphs":true,"m_FxEnabled":true},"in2DMode":false,"pivot":{"x":16.947111129760743,"y":39.98871994018555,"z":32.28702926635742},"rotation":{"x":-0.07643216848373413,"y":-0.013495302759110928,"z":0.0007597058429382741,"w":-0.9971320033073425},"size":15.093523025512696,"orthographic":false}