{"cameraMode":{"drawMode":0,"name":"Shaded","section":"Shading Mode"},"sceneLighting":false,"audioPlay":false,"sceneViewState":{"m_AlwaysRefresh":false,"showFog":true,"showSkybox":true,"showFlares":true,"showImageEffects":true,"showParticleSystems":true,"showVisualEffectGraphs":true,"m_FxEnabled":true},"in2DMode":false,"pivot":{"x":930.9034423828125,"y":433.3122863769531,"z":-12.640803337097168},"rotation":{"x":0.052480343729257587,"y":-0.006874573417007923,"z":0.0006626094109378755,"w":0.998762309551239},"size":81.39410400390625,"orthographic":false}